1;amd_ryzen_7_9800x3d_box_100_100001084wof_1.jpg
1;amd_ryzen_7_9800x3d_box_100_100001084wof_2.jpg
1;amd_ryzen_7_9800x3d_box_100_100001084wof_3.jpg
2;amd_ryzen_7_7800x3d_8_core_4_2ghz_am5_box_100_100000910wof_1.jpg
3;amd_ryzen_7_5800x_8_core_3_8ghz_am4_box_100_100000063wof_1.jpg
4;amd_ryzen_5_5600x_6_core_3_7ghz_am4_box_100_100000065box_1.jpg
5;amd_ryzen_9_5950x_16_core_3_4ghz_am4_box_100_100000059wof_1.jpg
6;amd_ryzen_7_5700x_8_core_3_4_ghz_am4_box_100_100000926wof_1.jpg
6;amd_ryzen_7_5700x_8_core_3_4_ghz_am4_box_100_100000926wof_2.jpg
7;amd_ryzen_5_9600x_6_core_3_9ghz_am5_box_100_100001405wof_1.jpg
8;amd_ryzen_7_7800x3d_8_core_4_2ghz_am5_tray_100_000000910_1.jpg
8;amd_ryzen_7_7800x3d_8_core_4_2ghz_am5_tray_100_000000910_2.jpg
8;amd_ryzen_7_7800x3d_8_core_4_2ghz_am5_tray_100_000000910_3.jpg
9;amd_ryzen_9_9950x3d_16_core_4_3ghz_am5_box_100_100000719wof_1.jpg
10;amd_ryzen_5_5600_6_core_3_5ghz_am4_box_100_100000927box_1.jpg
11;amd_ryzen_7_5700x_8_core_3_4ghz_am4_tray_100_000000926_1.jpg
12;amd_ryzen_5_5500_6_core_3_6ghz_am4_box_100_100000457box_1.jpg
13;intel_core_i5_12400f_6_core_2_5ghz_lga1700_box_bx8071512400f_1.jpg
14;intel_core_i5_14400f_10_core_2_5ghz_lga1700_box_bx8071514400f_1.jpg
15;amd_ryzen_5_7600x_6_core_4_7ghz_am5_box_100_100000593wof_1.jpg
16;amd_ryzen_7_5700_8_core_3_7ghz_am4_box_100_000000743box_1.jpg
16;amd_ryzen_7_5700_8_core_3_7ghz_am4_box_100_000000743box_2.jpg
16;amd_ryzen_7_5700_8_core_3_7ghz_am4_box_100_000000743box_3.jpg
17;amd_ryzen_5_3600_6_core_3_6ghz_am4_box_100_100000031box_1.jpg
18;intel_core_i5_14600k_14_core_3_4ghz_lga1700_box_bx8071514600k_1.jpg
19;amd_ryzen_7_9700x_8_core_3_8ghz_am5_box_100_100001404wof_1.jpg
20;amd_ryzen_5_5600_6_core_3_5ghz_am4_tray_100_000000927_1.jpg
20;amd_ryzen_5_5600_6_core_3_5ghz_am4_tray_100_000000927_2.jpg
20;amd_ryzen_5_5600_6_core_3_5ghz_am4_tray_100_000000927_3.jpg
21;kingston_fury_beast_32gb_2x16gb_ddr5_6000mhz_kf560c30bbek2_32_1.jpg
22;kingston_fury_beast_16gb_2x8gb_ddr4_3200mhz_kf432c16bbk2_16_1.jpg
23;kingston_fury_beast_64gb_2x32gb_ddr5_6000mhz_kf560c30bbek2_64_1.jpg
24;kingston_fury_beast_32gb_2x16gb_ddr4_3200mhz_kf432c16bbk2_32_1.jpg
25;kingston_fury_beast_rgb_32gb_2x16gb_ddr5_6000mhz_kf560c30bbeak2_32_1.jpg
26;kingston_fury_beast_32gb_2x16gb_ddr5_5200mhz_kf552c40bbk2_32_1.jpg
27;kingston_fury_beast_8gb_ddr4_3200mhz_kf432c16bb_8_1.jpg
28;kingston_fury_beast_16gb_2x8gb_ddr5_6000mhz_kf560c36bbek2_16_1.jpg
29;patriot_viper_venom_32gb_2x16gb_ddr5_6000mhz_pvv532g600c30k_1.jpg
30;g_skill_aegis_16gb_2x8gb_ddr4_3200mhz_f4_3200c16d_16gis_1.jpg
31;kingston_fury_beast_16gb_ddr5_5600mhz_kf556c36bbe_16_1.jpg
32;kingston_fury_beast_32gb_2x16gb_ddr4_3200mhz_kf432c16bb1k2_32_1.jpg
33;g_skill_trident_z5_royal_rgb_96gb_2x48gb_ddr5_6800mhz_f5_6800j3446f48gx2_tr5s_1.jpg
34;g_skill_aegis_32gb_2x16gb_ddr4_3200mhz_f4_3200c16d_32gis_1.jpg
35;kingston_fury_beast_16gb_ddr5_5600mhz_kf556c40bb_16_1.jpg
36;corsair_vengeance_24gb_ddr5_5200mhz_cmsx24gx5m1a5200c44_1.jpg
37;g_skill_trident_z5_neo_rgb_32gb_2x16gb_ddr5_6000mhz_f5_6000j3038f16gx2_tz5nr_1.jpg
38;kingston_fury_beast_32gb_2x16gb_ddr5_5600mhz_kf556c40bbk2_32_1.jpg
39;kingston_fury_beast_rgb_32gb_2x16gb_ddr5_6000mhz_kf560c36bbe2ak2_32_1.jpg
41;msi_mpg_b550_gaming_plus_1.jpg
42;asus_tuf_gaming_a520m_plus_ii_1.jpg
43;msi_pro_b760_p_ddr4_ii_1.jpg
44;asus_rog_strix_b550_f_gaming_1.jpg
45;msi_mag_b850_tomahawk_max_wifi_1.jpg
46;msi_b550_a_pro_1.jpg
47;gigabyte_b650_eagle_ax_1.jpg
48;gigabyte_b550m_aorus_elite_1.jpg
49;asrock_b450m_hdv_r4_0_1.jpg
50;gigabyte_b760m_ds3h_ddr4_1.jpg
51;msi_pro_b760m_b_ddr4_1.jpg
52;asus_rog_strix_b550_f_gaming_wifi_ii_1.jpg
53;asus_tuf_gaming_b550_plus_1.jpg
54;asrock_b550_phantom_gaming_4_1.jpg
55;asus_rog_crosshair_x870e_hero_1.jpg
56;asus_rog_strix_b650e_f_gaming_wifi_1.jpg
57;msi_mag_b650_tomahawk_wifi_1.jpg
58;asus_tuf_gaming_b550m_plus_1.jpg
60;asus_rog_strix_b850_f_gaming_wifi_90mb1j70_m0eay0_1.jpg
61;asus_geforce_rtx_5070_prime_oc_12gb_gddr7_192bit_prime_rtx5070_o12g_1.jpg
62;gigabyte_geforce_rtx_5070_ti_windforce_oc_sff_16gb_gddr7_256bit_gv_n507twf3oc_16gd_1.jpg
63;sapphire_radeon_rx_9060_xt_pulse_oc_16gb_gddr6_128bit_11350_03_20g_1.jpg
64;xfx_radeon_rx_9070_xt_swift_triple_fan_gaming_edition_16gb_gddr6_256bit_rx_97tswf3b9_1.jpg
65;asus_geforce_rtx_5060_ti_dual_oc_16gb_gddr7_128bit_dual_rtx5060ti_o16g_1.jpg
66;asus_geforce_rtx_5060_dual_oc_8gb_gddr7_128bit_dual_rtx5060_o8g_1.jpg
67;gigabyte_radeon_rx_9060_xt_gaming_oc_16gb_gddr6_128bit_gv_r9060xtgaming_oc_16gd_1.jpg
68;asus_geforce_rtx_5090_rog_astral_oc_32gb_gddr7_512bit_rog_astral_rtx5090_o32g_gaming_1.jpg
69;msi_geforce_rtx_5070_ventus_2x_oc_12gb_gddr7_192bit_1.jpg
70;sapphire_radeon_rx_9070_xt_nitro_16gb_gddr6_256bit_11348_01_20g_1.jpg
71;asus_tuf_gaming_geforce_rtx_5070_ti_oc_16gb_gddr7_256bit_tuf_rtx5070ti_o16g_gaming_1.jpg
72;intel_arc_b580_limited_edition_31p06hb0ba_1.jpg
73;gigabyte_geforce_rtx_5080_windforce_oc_sff_16gb_gddr7_256bit_gv_n5080wf3oc_16gd_1.jpg
74;asus_rog_strix_geforce_rtx_5070_ti_oc_16gb_gddr7_256bit_rog_strix_rtx5070ti_o16g_gaming_1.jpg
75;gigabyte_radeon_rx_9070_xt_gaming_oc_16gb_gddr6_256bit_gv_r9070xtgaming_oc_16gd_1.jpg
76;msi_geforce_rtx_5060_ventus_2x_oc_8gb_gddr7_128bit_g5060_8v2c_1.jpg
77;asus_radeon_rx_9060_xt_dual_16gb_gddr6_128bit_dual_rx9060xt_16g_1.jpg
78;asrock_radeon_rx_9060_xt_challenger_oc_16gb_gddr6_128bit_90_ga5qzz_00uanf_1.jpg
79;asus_geforce_rtx_5070_ti_prime_oc_16gb_gddr7_256bit_prime_rtx5070ti_o16g_1.jpg
80;gigabyte_geforce_rtx_5070_ti_gaming_oc_16gb_gddr7_256bit_gv_n507tgaming_oc_16gd_1.jpg
81;kingston_nv3_1tb_snv3s_1000g_1.jpg
82;samsung_990_pro_2tb_m2_mz_v9p2t0bw_1.jpg
83;samsung_990_pro_1tb_m2_nvme_mz_v9p1t0bw_1.jpg
84;samsung_2_5_870_evo_1tb_sata3_mz_77e1t0b_1.jpg
85;samsung_990_evo_plus_2tb_mz_v9s2t0bw_1.jpg
86;adata_ultimate_su650_2_5_1tb_sata3_asu650ss_1tt_r_1.jpg
87;samsung_2_5_870_evo_500gb_sata3_mz_77e500b_1.jpg
88;samsung_990_evo_plus_1tb_mz_v9s1t0bw_1.jpg
89;kingston_a400_2_5_480gb_sata3_sa400s37_480g_1.jpg
90;kingston_nv3_500gb_snv3s_500g_1.jpg
91;samsung_990_pro_4tb_mz_v9p4t0bw_1.jpg
92;crucial_bx500_2_5_1tb_sata3_ct1000bx500ssd1_1.jpg
93;samsung_9100_pro_2tb_mz_vap2t0bw_1.jpg
94;samsung_980_500gb_m2_pcie_mz_v8v500bw_1.jpg
95;kingston_nv3_2tb_snv3s_2000g_1.jpg
96;kingston_a400_2_5_240gb_sata3_sa400s37_240g_1.jpg
97;samsung_990_evo_plus_4tb_mz_v9s4t0bw_1.jpg
98;kingston_kc3000_1tb_m_2_nvme_pcie_skc3000s_1024g_1.jpg
99;samsung_870_evo_2_5_2tb_sata3_mz_77e2t0b_1.jpg
100;kingston_a400_2_5_960gb_sata3_sa400s37_960g_1.jpg
101;seasonic_focus_gx_850w_80_plus_gold_v4_gx_850_v4_1.jpg
102;asus_tuf_gaming_750b_80_plus_bronze_1.jpg
103;seasonic_focus_gx_1000_2024_1000w_80_plus_gold_ss_ps_ssr_1000_fx4_1.jpg
104;be_quiet_pure_power_13_m_850w_bp027eu_1.jpg
105;seasonic_focus_gold_750w_80_plus_gold_ssr_750fm_1.jpg
106;corsair_rme_2025_rm650e_80_plus_gold_650w_cp_9020302_eu_1.jpg
107;chieftec_a_90_750w_80_plus_gold_gdp_750c_1.jpg
108;corsair_rmx_series_rm850x_850w_80_plus_gold_cp_9020270_eu_1.jpg
109;be_quiet_power_zone_2_1000w_80_plus_platinum_bp008eu_1.jpg
110;fsp_vita_gm_850w_80_plus_gold_ppa8504202_1.jpg
111;seasonic_focus_gx_750_2024_750w_80_plus_gold_ss_ps_ssr_750_fx4_1.jpg
112;msi_mag_a650bn_650w_80_plus_bronze_306_7zp2b11_ce0_1.jpg
113;asus_tuf_gaming_850w_80_plus_gold_90ye00s2_b0na00_1.jpg
114;gigabyte_gp_p550ss_550w_80_plus_silver_1.jpg
115;seasonic_core_gx_650_650w_80_plus_gold_1.jpg
116;gigabyte_gp_p650ss_1.jpg
117;corsair_rmx_series_rm1000x_1000w_80_plus_gold_cp_9020271_eu_1.jpg
118;be_quiet_pure_power_13_m_750w_bp026eu_1.jpg
119;be_quiet_dark_power_14_1000w_bp020eu_1.jpg
120;gigabyte_p850gm_850w_80_plus_gold_gp_p850gm_1.jpg
121;arctic_liquid_freezer_iii_pro_360_a_rgb_acfre00184a_1.jpg
122;thermalright_peerless_assassin_120_se_1.jpg
123;be_quiet_pure_rock_pro_3_bk042_1.jpg
124;arctic_cooler_liquid_freezer_iii_pro_360_acfre00180a_1.jpg
125;be_quiet_pure_rock_3_bk039_1.jpg
126;thermalright_phantom_spirit_120_se_1.jpg
127;be_quiet_dark_rock_pro_5_bk036_1.jpg
128;noctua_nh_d15_noctua_fan_nh_d15_1.jpg
129;arctic_freezer_36_acfre00123a_1.jpg
130;thermalright_water_cooling_aqua_elite_360_black_a_rgb_v3_1.jpg
131;deepcool_ak620_digital_se_black_r_ak620_bkadmn_gjd_1.jpg
132;arctic_cooler_liquid_freezer_iii_pro_360_a_rgb_acfre00188a_1.jpg
133;be_quiet_pure_rock_pro_3_lx_bk043_1.jpg
134;noctua_nh_d15_g2_1.jpg
135;asus_rog_ryuo_iv_slc_360_argb_90rc0151_b0eay0_1.jpg
136;deepcool_ak620_digital_pro_r_ak620_bkapmn_g_1.jpg
137;arctic_liquid_freezer_iii_240_pro_black_acfre00178a_1.jpg
138;thermalright_burst_assassin_120_se_1.jpg
139;lian_li_galahad_ii_trinity_240mm_white_ga2t24w_1.jpg
140;be_quiet_dark_rock_elite_rgb_bk037_1.jpg
141;samsung_odyssey_oled_g5_s27fg500su_1.jpg
142;samsung_odyssey_g5_c34g55twwp_1.jpg
143;samsung_odyssey_g5_s27cg552eu_1.jpg
144;samsung_odyssey_g3_s24dg300eu_1.jpg
145;aoc_q27g41zdf_1.jpg
146;aoc_agon_q27g3xmn_1.jpg
147;asus_rog_strix_oled_xg27aqdmgr_1.jpg
149;asus_rog_strix_xg27acs_1.jpg
150;samsung_odyssey_g4_s25bg400eu_1.jpg
151;aoc_agon_pro_ag276qzd2_1.jpg
152;lg_ultragear_27gx704a_b_1.jpg
153;xiaomi_g_pro_27i_1.jpg
154;philips_27e2n1500l_00_1.jpg
155;samsung_odyssey_g5_s32dg500eu_1.jpg
156;lg_ultragear_27gs85q_b_1.jpg
157;asus_rog_strix_xg27acdng_1.jpg
158;aoc_27g4x_1.jpg
159;aoc_q27g4xf_1.jpg
160;samsung_odyssey_oled_g6_s27dg610su_1.jpg
161;logitech_g305_lightspeed_black_910_005282_1.jpg
162;logitech_g_pro_x_superlight_2_910_006630_1.jpg
163;logitech_g502_hero_910_005470_1.jpg
164;logitech_mx_master_3s_performance_910_006559_1.jpg
165;logitech_g_pro_x_superlight_910_005880_1.jpg
166;razer_viper_v3_pro_rz01_05120100_r3g1_1.jpg
167;razer_viper_v3_hyperspeed_rz01_04910100_r3m1_1.jpg
168;razer_basilisk_v3_rz01_04000100_r3m1_1.jpg
169;logitech_g502_x_black_910_006138_1.jpg
170;logitech_mx_master_4_graphite_910_007562_1.jpg
171;steelseries_rival_3_wireless_gen_2_62523_1.jpg
172;logitech_m330_silent_910_004909_1.jpg
173;logitech_g102_lightsync_black_910_005823_1.jpg
174;logitech_signature_m650_l_910_006236_1.jpg
175;apple_magic_mouse_2024_mxk53zm_a_1.jpg
176;logitech_g502_x_lightspeed_black_910_006180_1.jpg
177;logitech_g_pro_2_lightspeed_910_007295_1.jpg
178;logitech_g203_lightsync_black_910_005796_1.jpg
179;logitech_mx_vertical_advanced_ergonomic_graphite_910_005448_1.jpg
180;razer_deathadder_essential_rz01_02540100_r3m1_1.jpg
181;deepcool_cc560_v2_black_r_cc560_bkgaa4_g_2_1.jpg
182;lian_li_lancool_217_wood_black_g99_lan217x_00_1.jpg
183;lian_li_vector_v100_rgb_white_g99_v100rw_00_1.jpg
184;lian_li_dan_a3_wood_edition_black_g99_a3x_wd_00_1.jpg
185;deepcool_cg530_black_r_cg530_bknda0_g_1_1.jpg
187;deepcool_cg530_4f_black_r_cg530_bkada4_g_1_1.jpg
188;lian_li_lancool_207rx_black_g99_lan207rx_00_1.jpg
189;lian_li_o11_vision_compact_black_o11vpx_1.jpg
190;lian_li_o11_vision_compact_white_o11vpw_1.jpg
191;lian_li_lancool_216_rgb_black_1.jpg
192;hyte_y70_touch_tg_black_white_cs_hyte_y70_bw_l_1.jpg
193;darkflash_m305_black_1.jpg
194;asus_a31_plus_tg_argb_black_90dc00r0_b19000_1.jpg
195;nzxt_h5_flow_2024_all_black_cc_h52fb_01_1.jpg
196;aigo_b350_1.jpg
197;asus_tuf_gaming_gt301_argb_90dc0040_b49000_1.jpg
198;darkflash_ft418_pro_7_argb_black_1.jpg
199;darkflash_ds900wd_black_1.jpg
200;jonsbo_c6_black_1.jpg
201;arctic_p12_pro_acfan00305a_1.jpg
202;arctic_p12_120mm_1800rpm_acfan00118a_1.jpg
203;arctic_p12_value_pack_acfan00135a_1.jpg
204;lian_li_uni_fan_sl_infinity_argb_pwm_120mm_3_pack_black_uf_slin120_3b_1.jpg
205;arctic_p14_pro_pst_co_140mm_pwm_5_pack_acfan00319a_1.jpg
206;arctic_p12_slim_pwm_pst_acfan00187a_1.jpg
207;noctua_nf_a12x25_pwm_1.jpg
208;arctic_p12_pro_a_rgb_120mm_pwm_3_pack_acfan00310a_1.jpg
209;be_quiet_silent_wings_4_pwm_high_speed_120mm_bl094_1.jpg
210;arctic_p14_pro_pst_140mm_pwm_acfan00314a_1.jpg
211;noctua_nf_p12_redux_1700_pwm_1.jpg
212;iceberg_thermal_icegale_silent_pwm_120mm_3_pack_1.jpg
213;noctua_nf_a14x25_g2_pwm_1.jpg
214;deepcool_fl12_se_3in1_r_fl12se_bkapn3_g_1.jpg
215;darkflash_dr12_pro_5_pack_1.jpg
216;arctic_p12_silent_120mm_black_acfan00130a_1.jpg
217;arctic_p14_pro_a_rgb_acfan00315a_1.jpg
218;arctic_p14_pro_a_rgb_140mm_pwm_3_pack_acfan00320a_1.jpg
219;noctua_nf_a12x25_pwm_chromax_1.jpg
220;be_quiet_silent_wings_4_pwm_140mm_bl096_1.jpg
221;redragon_kumara_rgb_k552rgb_1_brown_hu_1.jpg
222;keychron_c3_pro_8k_qmk_super_brown_c3px_h4z_hu_1.jpg
223;logitech_mx_keys_s_920_011587_hu_1.jpg
224;asus_rog_strix_scope_ii_96_1.jpg
225;logitech_k400_plus_hu_920_007157_1.jpg
226;keychron_b6_pro_hu_b6p_k1_hg_1.jpg
227;asus_tuf_gaming_k1_hu_90mp01x0_bkha00_1.jpg
228;spirit_of_gamer_elite_k70_hu_cla_ek70hu_1.jpg
229;logitech_prodigy_g213_hu_920_010739_1.jpg
230;hama_exodus_600_hu_217832_13217832_1.jpg
231;avax_gm03_pro_98_gasket_rgb_5999574480835_1.jpg
232;asus_rog_falchion_rx_low_profile_90mp03ec_bkha10_1.jpg
233;steelseries_apex_3_64810_1.jpg
234;keychron_c3_pro_8k_qmk_super_red_c3px_h1z_hu_1.jpg
235;redragon_mitra_k551_k551_blue_hu_1.jpg
236;asus_rog_azoth_nx_red_90mp0316_bkha00_1.jpg
237;logitech_k120_hu_920_002491_1.jpg
238;razer_huntsman_mini_red_switch_us_rz03_03390200_r3m1_1.jpg
239;steelseries_apex_3_tkl_rgb_uk_64836_1.jpg
240;logitech_mx_keys_s_920_011589_1.jpg
241;logitech_brio_105_960_001592_1.jpg
242;logitech_c922_pro_stream_960_001088_1.jpg
243;logitech_c920_960_001055_1.jpg
244;logitech_brio_500_emea28_960_001421_1.jpg
245;logitech_streamcam_c980_960_001281_1.jpg
246;logitech_brio_100_960_001585_1.jpg
247;proxtend_x301_px_cam001_1.jpg
248;logitech_c270_960_000999_1.jpg
249;logitech_mx_brio_960_001554_1.jpg
250;obsbot_meet_2_4k_oww_2311_ce_1.jpg
251;imilab_w88s_xia039_cmsxj22a_1.jpg
252;logitech_c920s_960_001252_1.jpg
253;obsbot_tiny_2_lite_owb_2210_ce_1.jpg
254;logitech_brio_4k_960_001746_1.jpg
255;logitech_brio_505_graphite_960_001459_1.jpg
256;logitech_960_001063_uo_1.jpg
257;logitech_c925e_960_001076_1.jpg
258;logitech_brio_960_001106_1.jpg
259;lenovo_500_performance_fhd_4xc1d66055_1.jpg
260;logitech_brio_300_960_001442_1.jpg
261;apple_airpods_4_gen_mxp63zm_a_1.jpg
262;apple_airpods_pro_3_mfhp4zm_1.jpg
263;samsung_galaxy_buds3_pro_sm_r630nz_1.jpg
264;apple_airpods_pro_2_mtjv3zm_a_1.jpg
265;xiaomi_redmi_buds_6_play_1.jpg
266;apple_airpods_4_gen_anc_mxp93zm_a_1.jpg
267;jbl_tune_720bt_1.jpg
268;samsung_galaxy_buds3_sm_r530_1.jpg
269;sony_wh_ch720n_1.jpg
270;xiaomi_redmi_buds_6_pro_1.jpg
271;samsung_galaxy_buds3_fe_sm_r420_1.jpg
272;sennheiser_momentum_4_700382_1.jpg
273;xiaomi_redmi_buds_6_active_bhr839gl_1.jpg
274;xiaomi_redmi_buds_6_1.jpg
275;hp_hyperx_cloud_iii_727a9aa_1.jpg
276;xiaomi_redmi_buds_8_lite_1.jpg
277;sony_wh_1000xm6_1.jpg
278;jbl_tune_770nc_1.jpg
279;sony_wh_ch520_1.jpg
280;steelseries_arctis_nova_3x_wireless_61689_1.jpg
281;klipsch_r_600f_1.jpg
282;denon_sc_m41_1.jpg
283;acoustic_energy_ae100_mkii_1.jpg
284;yamaha_ns_f51_1.jpg
285;magnat_monitor_s70_1.jpg
286;dali_oberon_7_1.jpg
287;klipsch_r_40m_1.jpg
288;fenda_f_d_r23bt_1.jpg
289;samsung_mx_st90b_zf_1.jpg
290;dali_oberon_3_1.jpg
291;klipsch_r_50m_1.jpg
292;polk_signature_es20_1.jpg
293;polk_t50_1.jpg
294;edifier_r1100_1.jpg
295;magnat_signature_507_1.jpg
296;denon_scn_10_1.jpg
297;dali_oberon_5_1.jpg
298;klipsch_r_800f_1.jpg
299;thunder_germany_hy_sp6360_5_1_1.jpg
300;dali_oberon_1_1.jpg